{
    "Suppliers": [
        {
            "ID": 0,
            "Name": "Exotic Liquids",
            "Address": {
                "Street": "NE 228th",
                "City": "Sammamish",
                "State": "WA",
                "ZipCode": "98074",
                "Country": "USA",
                "PhoneNumber": "+1-123-123-1234"
            }
        },
        {
            "ID": 1,
            "Name": "Tokyo Traders",
            "Address": {
                "Street": "NE 40th",
                "City": "Redmond",
                "State": "WA",
                "ZipCode": "98052",
                "Country": "USA",
                "PhoneNumber": "+1-123-123-1235"
            }
        }
    ]
}