{  
    "Suppliers":[  
        {  
            "id":0,
            "Name":"Exotic Liquids",
            "Address":{  
                "Street":"NE 228th",
                "City":"Sammamish",
                "State":"WA",
                "ZipCode":"98074",
                "Country":"USA",
                "PhoneNumber": "+1-123-123-1234"
            },
            "Location":{  
                "type":"Point",
                "coordinates":[  
                    -122.03547668457,
                    47.6316604614258
                ]
            },
            "Products":[  
                {  
                    "id":1,
                    "Name":"Milk",
                    "Description":"Low fat milk",
                    "ReleaseDate":"1995-10-01T00:00:00",
                    "DiscontinuedDate":null,
                    "Allergenics": "",
                    "Rating":3,
                    "Price":3.5
                },
                {  
                    "id":2,
                    "Name":"Vint soda",
                    "Description":"Americana Variety - Mix of 6 flavors",
                    "ReleaseDate":"2000-10-01T00:00:00",
                    "DiscontinuedDate":null,
                    "Allergenics": "",
                    "Rating":3,
                    "Price":20.9
                },
                {  
                    "id":3,
                    "Name":"Havina Cola",
                    "Description":"The Original Key Lime Cola",
                    "ReleaseDate":"2005-10-01T00:00:00",
                    "DiscontinuedDate":"2006-10-01T00:00:00",
                    "Allergenics": "",
                    "Rating":3,
                    "Price":19.9
                },
                {  
                    "id":4,
                    "Name":"Fruit Punch",
                    "Description":"Mango flavor, 8.3 Ounce Cans (Pack of 24)",
                    "ReleaseDate":"2003-01-05T00:00:00",
                    "DiscontinuedDate":null,
                    "Allergenics": "",
                    "Rating":3,
                    "Price":22.99
                },
                {  
                    "id":5,
                    "Name":"Cranberry Juice",
                    "Description":"16-Ounce Plastic Bottles (Pack of 12)",
                    "ReleaseDate":"2006-08-04T00:00:00",
                    "DiscontinuedDate":null,
                    "Allergenics": "",
                    "Rating":3,
                    "Price":22.8
                },
                {  
                    "id":6,
                    "Name":"Pink Lemonade",
                    "Description":"36 Ounce Cans (Pack of 3)",
                    "ReleaseDate":"2006-11-05T00:00:00",
                    "DiscontinuedDate":null,
                    "Allergenics": "Milk, Soy, Edible Nuts, Gluten",
                    "Rating":3,
                    "Price":18.8
                }
            ]
        },
        {  
            "id":1,
            "Name":"Tokyo Traders",
            "Address":{  
                "Street":"NE 40th",
                "City":"Redmond",
                "State":"WA",
                "ZipCode":"98052",
                "Country":"USA",
                "PhoneNumber": "+1-123-123-1235"                
            },
            "Location":{  
                "type":"Point",
                "coordinates":[  
                    -122.107711791992,
                    47.6472206115723
                ]
            },
            "products":[  
                {  
                    "id":7,
                    "Name":"Bread",
                    "Description":"Whole grain bread",
                    "ReleaseDate":"1992-01-01T00:00:00",
                    "DiscontinuedDate":null,
                    "Allergenics": "",
                    "Rating":4,
                    "Price":2.5
                },
                {  
                    "id":8,
                    "Name":"DVD Player",
                    "Description":"1080P Upconversion DVD Player",
                    "ReleaseDate":"2006-11-15T00:00:00",
                    "DiscontinuedDate":null,
                    "Allergenics": "Milk, Soy, Edible Nuts, Gluten",
                    "Rating":5,
                    "Price":35.88
                },
                {  
                    "id":9,
                    "Name":"LCD HDTV",
                    "Description":"42 inch 1080p LCD with Built-in Blu-ray Disc Player",
                    "ReleaseDate":"2008-05-08T00:00:00",
                    "DiscontinuedDate":null,
                    "Allergenics": "Milk, Soy, Edible Nuts, Gluten",
                    "Rating":3,
                    "Price":1088.8
                }
            ]
        }
    ]
}